condition,n,correct,accuracy,correct_w_calc,accuracy_w_calc
baseline,1319,57,0.043214556482183475,57,0.043214556482183475
student_direct_ft,1319,66,0.050037907505686124,66,0.050037907505686124
student_set_a,1319,33,0.025018953752843062,33,0.025018953752843062
student_set_b,1319,40,0.030326004548900682,40,0.030326004548900682
student_set_c,1319,42,0.03184230477634572,42,0.03184230477634572
