condition,n,correct,accuracy,correct_w_calc,accuracy_w_calc
baseline,1319,57,0.043214556482183475,,
student_direct_ft,1319,66,0.050037907505686124,,
student_set_a,1319,33,0.025018953752843062,48,0.03639120545868082
student_set_b,1319,40,0.030326004548900682,58,0.04397270659590599
student_set_c,1319,42,0.03184230477634572,55,0.04169825625473844
student_set_a_oc,1319,46,0.034874905231235785,,
student_set_b_oc,1319,48,0.03639120545868082,,
student_set_c_oc,1319,42,0.03184230477634572,,
