condition,n,intra_mean,intra_std,intra_min,intra_max,inter_mean,inter_std,inter_min,inter_max,info_mean,info_std,info_min,info_max
baseline,1319,0.9683172481813785,0.031217380894946533,0.3143690228462219,0.9972321391105652,0.05810492240945252,0.1978349180499074,6.854534149169922e-05,0.9978647606913,-1.3433914826257922,1.0514168099690133,-8.497780323028564,3.3046951293945312
student_direct_ft,1319,0.912662286302915,0.02100884487067453,0.8520809412002563,0.9679199457168579,0.723335229645608,0.3621178660189795,0.0012018680572509766,0.9996449739846867,0.6913793603970844,1.3435085960222533,-3.388643741607666,7.3344221115112305
student_set_a,1319,0.9201412265548388,0.0324427457334586,0.4353513717651367,0.9915506839752197,0.07293571095519655,0.19790908861982887,5.3882598876953125e-05,0.9947806908749044,-2.44830937996518,1.7570092310439813,-16.304283142089844,-0.013639450073242188
student_set_b,1319,0.9126483495315428,0.03351235206364201,0.029408879578113556,0.9873921275138855,0.06391572183011476,0.18861174833553151,5.3882598876953125e-05,0.9963333487976342,-2.3858951490154947,1.8029025335675601,-16.304283142089844,0.035359859466552734
student_set_c,1319,0.9119316295207315,0.02214376071890807,0.8216148018836975,0.9893609881401062,0.06273959891431434,0.1791483882497003,5.3882598876953125e-05,0.9814365599304438,-2.3760068626273663,1.7867369005773843,-16.304283142089844,0.014231681823730469
