condition,n,intra_mean,intra_std,intra_min,intra_max,inter_mean,inter_std,inter_min,inter_max,info_mean,info_std,info_min,info_max
baseline,1319,0.968506273670211,0.028254244891644253,0.3143690228462219,0.9972321391105652,0.0570375383106061,0.19678709662423663,6.854534149169922e-05,0.9978647606913,-1.3277803340402854,1.0411348410107977,-9.915249824523926,3.155195713043213
student_direct_ft,1319,0.9121404300592811,0.021117054911523298,0.8520809412002563,0.9679199457168579,0.7224362979159071,0.3608940253137752,0.0012018680572509766,0.9997020715672988,1.479268549065232,1.3545030959669617,-2.776712417602539,7.684443473815918
student_set_a,1319,0.9199869025377182,0.03135394821374246,0.6192378401756287,0.9915506839752197,0.06823170671226786,0.19234065514308096,5.3882598876953125e-05,0.9953656275756657,-2.5207315937328554,1.7018102886588307,-11.50450325012207,0.24460697174072266
student_set_b,1319,0.9122238341800818,0.033616317807535656,0.029408879578113556,0.9926508069038391,0.06247328726505583,0.18468255972366937,5.3882598876953125e-05,0.9907832555472851,-2.4235046498245865,1.676565428828074,-11.50450325012207,0.3969554901123047
student_set_c,1319,0.9128349194750811,0.02284700127581787,0.8520810008049011,0.989544153213501,0.06196312457774967,0.18033020932885999,5.3882598876953125e-05,0.9840155057609081,-2.3848135158634256,1.6851156163797574,-11.50450325012207,0.2762174606323242
