step,epoch,kind,loss
2,0.6956521739130435,eval,1.6693259477615356
