{
  "run_name": "student_set_b_smoke",
  "n_train": 180,
  "n_val": 20,
  "n_epochs": 1,
  "device": "cuda",
  "fp16": true,
  "best_epoch": 0.6956521739130435,
  "best_eval_loss": 1.6693259477615356
}