{
  "run_name": "student_direct_ft",
  "n_train": 6725,
  "n_val": 748,
  "n_epochs": 8,
  "device": "cuda",
  "fp16": true,
  "best_epoch": 7.990487514863258,
  "best_eval_loss": 0.8674624562263489
}