{
  "run_name": "student_set_b",
  "n_train": 3050,
  "n_val": 339,
  "n_epochs": 8,
  "device": "cuda",
  "fp16": true,
  "best_epoch": 6.994764397905759,
  "best_eval_loss": 0.9216637015342712
}